Path;Label
AgAD-80xG5oQ-Ug;
AgAD-9AxG2g-UEg;
AgAD-bkxG76q8FY;
AgAD-cgxG7DIYEs;
AgAD-coxG79zEEk;
AgAD-cwxGy87AUg;
AgAD-dAxG98kAUk;
AgAD-M0xG94OCEk;
AgAD-McxG3TJqUo;
AgAD-MoxGzMIcUs;
AgAD-MwxGy87AUg;
AgAD-NQxG_p_cUs;
AgAD-tAxG98kAUk;
AgAD-tMxGzwAAWlI;
AgAD088xG2z_sEs;
AgAD08wxG84eoEo;
AgAD0b8xG-sN-Uk;
AgAD0bkxG39t8Eg;
AgAD0csxG6XLyEg;
AgAD0McxGzcVCUo;
AgAD0MkxG1wGgEg;
AgAD0MkxG4aCIEk;
AgAD0MwxGxOIOUk;
AgAD0NAxG21NkUs;
AgAD0NcxG_A9qUg;
AgAD0swxG84eoEo;
AgAD0tQxG0PT4Ug;
AgAD0tQxG9xLYEs;
AgAD180xG8n2IEo;
AgAD184xG-IvyUk;
AgAD18sxGzd-CEs;
AgAD18wxG7Xa8Ug;
AgAD19gxGw8O6Eg;
AgAD1c0xG8n2IEo;
AgAD1c4xG1ECUUs;
AgAD1cwxG2-28Eg;
AgAD1dgxGw8O6Eg;
AgAD1M4xG1ECUUs;
AgAD1MwxG4bj2Uo;
AgAD1MwxG84eoEo;
AgAD1s4xG-IvyUk;
AgAD1s4xG1ECUUs;
AgAD1ssxGzd-CEs;
AgAD1swxG7Xa8Ug;
AgAD1tgxGw8O6Eg;
AgAD1tMxGx8N0Us;
AgAD28sxGzQMUEk;
AgAD29AxG_fy6Us;
AgAD29cxG5fl2Eg;
AgAD29IxG92OuUg;
AgAD2ccxGxnyIUk;
AgAD2cMxG679WEg;
AgAD2dAxG7XPAUo;
AgAD2dExG74k4Uk;
AgAD2dIxG2U0yEs;
AgAD2dIxGx96AAFL;
AgAD2M0xG8n2IEo;
AgAD2McxGxnyIUk;
AgAD2MoxG0QimUo;
AgAD2MsxGzd-CEs;
AgAD2MwxG7Xa8Ug;
AgAD2MYxG14ZQEk;
AgAD2s0xG8zwaUk;
AgAD2sMxG679WEg;
AgAD2sQxGwsigEo;
AgAD2sUxG3MZIUk;
AgAD2tAxG_fy6Us;
AgAD384xG7SA-Es;
AgAD384xG9jGGUg;
AgAD39sxG5f1-Eg;
AgAD3c4xG02C8Eg;
AgAD3cwxG11WOEs;
AgAD3MMxG679WEg;
AgAD3MUxG3l2EEo;
AgAD3NAxG_fy6Us;
AgAD3s0xG__lWEk;
AgAD3sMxG1fg2Ek;
AgAD3tExG8IAAXhJ;
AgAD3tQxGygz-Us;
AgAD48IxG8pL-Ek;
AgAD48kxG-o5iUo;
AgAD49AxGyXbAAFK;
AgAD49AxG_n7CEs;
AgAD49ExG6JqQUg;
AgAD4b8xG01mUEs;
AgAD4c0xG_IAAWhI;
AgAD4coxG3v6GUs;
AgAD4M0xG5uwWUo;
AgAD4M4xG9jGGUg;
AgAD4M4xGz1AwUk;
AgAD4MoxG0iNeUg;
AgAD4MoxG3v6GUs;
AgAD4s0xG_IAAWhI;
AgAD4s4xG3lo8Eo;
AgAD4tAxG_n7CEs;
AgAD4tQxGygz-Us;
AgAD580xG0pbKUs;
AgAD584xG4vv8Eg;
AgAD588xG1SLmUg;
AgAD58gxGz67CEo;
AgAD58kxGwsYSEo;
AgAD58sxGzuk2Es;
AgAD5dExGzZ_eEg;
AgAD5dQxG7dTuEs;
AgAD5MsxGzuk2Es;
AgAD5NAxG_n7CEs;
AgAD5NExG6JqQUg;
AgAD5NExG_9-cEg;
AgAD5s0xG0pbKUs;
AgAD5tAxG5toAUg;
AgAD5tExGzZ_eEg;
AgAD680xG5E2GUg;
AgAD68kxGxFO2Ug;
AgAD68sxG6-wQUg;
AgAD6bsxG54vAUk;
AgAD6c4xGxe_uEs;
AgAD6ckxG-o5iUo;
AgAD6ckxG7bxyEg;
AgAD6ckxGwsYSEo;
AgAD6ckxGxFO2Ug;
AgAD6csxGzuk2Es;
AgAD6d8xG3APeUg;
AgAD6dAxG9DmyEs;
AgAD6dAxGyHx0Es;
AgAD6LIxGz7K0Uo;
AgAD6M4xGxe_uEs;
AgAD6M8xG3SCeUg;
AgAD6MkxG7bxyEg;
AgAD6MsxG9zf2Uk;
AgAD6s0xG0_PCUg;
AgAD6s0xG5E2GUg;
AgAD6s0xG5uwWUo;
AgAD6s0xG7ZVWEg;
AgAD6sIxGyBlCEo;
AgAD6skxG-o5iUo;
AgAD6skxGwsYSEo;
AgAD6skxGxFO2Ug;
AgAD6swxG0P0CUs;
AgAD6tAxGxlnCUg;
AgAD78sxG8M3uEs;
AgAD78wxG13DGEg;
AgAD79MxG__JmUg;
AgAD7c0xG7ZVWEg;
AgAD7ckxG093OEs;
AgAD7ckxG7bxyEg;
AgAD7dExG2ay6Es;
AgAD7MkxG093OEs;
AgAD7MwxG72gkUo;
AgAD7NAxGxlnCUg;
AgAD7NExG2ay6Es;
AgAD7s0xG7ZVWEg;
AgAD7s4xG2vfwEs;
AgAD7sIxG92vQUk;
AgAD7skxG093OEs;
AgAD880xG5uwWUo;
AgAD88gxGxb1MUg;
AgAD88kxG5LtIEk;
AgAD89ExG0Z08Es;
AgAD8c0xGw8jmUs;
AgAD8c4xG1TdkEs;
AgAD8c4xGzk8-Ug;
AgAD8L8xG_3jGUg;
AgAD8MIxG5UGCUo;
AgAD8NcxG5v9wUo;
AgAD8s0xGw8jmUs;
AgAD8sgxG53MQEk;
AgAD97AxG_Po9FM;
AgAD98oxG5G6KEs;
AgAD98oxGzMIcUs;
AgAD98wxGy87AUg;
AgAD99ExG0Z08Es;
AgAD9c4xGy7fMUs;
AgAD9coxG5G6KEs;
AgAD9cQxGyWZYEs;
AgAD9dExG0Z08Es;
AgAD9MQxGyWZYEs;
AgAD9MYxGy_y-Ek;
AgAD9NkxG-apQUg;
AgAD9NQxG8b2WEs;
AgAD9s0xG5Fb2Eg;
AgAD9soxG5G6KEs;
AgAD9sQxGyWZYEs;
AgAD9sUxG7Z8eUs;
AgAD9tAxG7SL4Eg;
AgADA7AxG6hJ1VM;
AgADA8oxG1g3QUo;
AgADA8sxG2z2eUs;
AgADAcoxG1g3QUo;
AgADAcsxG6UF4Ug;
AgADAcwxG6VLeUo;
AgADaM0xG0s78Uo;
AgADaM8xG3fCyEs;
AgADaNAxG2hc-Es;
AgADaNMxGyl_IEg;
AgADarIxG3TQKUg;
AgADas4xGywn8Es;
AgADAsgxG_858Ek;
AgADAsoxG1g3QUo;
AgADB88xG9vNYEo;
AgADb8sxG7I2sUg;
AgADB8UxG1NN4Uk;
AgADB8wxGwtRgUo;
AgADb9AxG2XsCUg;
AgADB9IxG-oHsEs;
AgADB9QxGyQIwEo;
AgADBc0xGxN6KEg;
AgADbc4xGywn8Es;
AgADBcsxG-RHiUg;
AgADbcsxG7I2sUg;
AgADBcUxG1NN4Uk;
AgADBcYxG-IJWUk;
AgADbdExG4-1GUg;
AgADBdIxGzXt2Ug;
AgADBLAxGxz0PVE;
AgADbM0xG1tr4Eg;
AgADBM4xG05_MEk;
AgADBM4xG0umaEs;
AgADBM4xG49QcEg;
AgADbMoxG-pWIEg;
AgADBMsxG-RHiUg;
AgADBMsxG3SJ4Ek;
AgADBNAxGx-U4Eg;
AgADbNExG4-1GUg;
AgADbNExGy20mUg;
AgADbs4xGywn8Es;
AgADBs8xG9vNYEo;
AgADBsUxG1NN4Uk;
AgADBswxGyJAmEs;
AgADBsYxG-rXyEs;
AgADbtExGy20mUg;
AgADC74xG3_WaEs;
AgADc80xG0daSEo;
AgADc84xG8PtyEo;
AgADc88xG09siEo;
AgADc9IxG8GXSEg;
AgADC9kxG3HGsEg;
AgADc9MxG1LJYUg;
AgADC9MxG8_DmEk;
AgADc9QxG-Jm-Es;
AgADC9QxG-OcSUg;
AgADC9QxGyQIwEo;
AgADC9QxGzwAAWlI;
AgADCc0xG0_jyEk;
AgADccgxG-SpcEs;
AgADCckxG-aF2Eg;
AgADCckxGy9BUUg;
AgADcdAxG2XsCUg;
AgADCdQxG6ZseUg;
AgADcM4xGyUUAAFJ;
AgADcM8xG-eOSUo;
AgADCM8xG9vNYEo;
AgADCMkxG-aF2Eg;
AgADcMsxG_fjWEs;
AgADCMwxGwHW2Es;
AgADCMYxG-IJWUk;
AgADcNAxG0fLkEg;
AgADcNAxG2XsCUg;
AgADcNIxG8GXSEg;
AgADcssxG1vywUs;
AgADCtAxG2byeEs;
AgADCtMxG8_DmEk;
AgADCtQxGzwAAWlI;
AgADD80xG3HpOUs;
AgADd80xG7q8wEg;
AgADd8gxG3ZAmUo;
AgADD8sxG50zAAFL;
AgADd8wxGwZT0Eo;
AgADd9AxGzWMSUo;
AgADd9ExGzOzQUg;
AgADD9kxG3HGsEg;
AgADd9MxG4pmGEg;
AgADDc0xG80MyUo;
AgADddMxG4pmGEg;
AgADddQxG-Jm-Es;
AgADDLAxG6QsXVI;
AgADdMUxG6TouEg;
AgADdNQxG-Jm-Es;
AgADdNQxGzhHQUg;
AgADDs4xG782CEk;
AgADds4xGxny4Es;
AgADds8xG09siEo;
AgADDs8xGzJA4Uo;
AgADdssxG9SQ-Eg;
AgADE74xGyTikEg;
AgADE80xG3HpOUs;
AgADE80xG5KtEEg;
AgADe84xG8PtyEo;
AgADE88xG9MSGUg;
AgADe8gxG60I2Uo;
AgADe8oxG3JmMUs;
AgADE9AxG_9xCEk;
AgADE9ExG7u6uUg;
AgADe9MxG4pmGEg;
AgADeb8xG6axAAFK;
AgADEc0xG77TAUo;
AgADeckxGwPQUUg;
AgADEcsxG6QlMUs;
AgADecsxGwwDOEg;
AgADecsxGzs_mUs;
AgADEcwxGy1RAUk;
AgADedExG20NYEg;
AgADedExGzOzQUg;
AgADEdUxG-aSWEg;
AgADeM4xG0nx0Ek;
AgADEM8xG_X5-Es;
AgADeMkxGwPQUUg;
AgADeMoxG6AWUEo;
AgADeMsxGzs_mUs;
AgADerExG3FU1VM;
AgADEs0xG3HpOUs;
AgADEs0xG5KtEEg;
AgADEs8xG9MSGUg;
AgADEs8xG_X5-Es;
AgADeskxG8eQ-Uo;
AgADEssxG6QlMUs;
AgADessxGzs_mUs;
AgADesUxG6f9wEs;
AgADEswxGy1RAUk;
AgADEtAxG2byeEs;
AgADEtExG7u6uUg;
AgADEtUxG-aSWEg;
AgADF70xG1666Uk;
AgADf80xG3qswEo;
AgADF8sxG97aEEg;
AgADf8wxG6agIEk;
AgADf8YxG9Ee6Uk;
AgADF9ExG3QFUUg;
AgADF9QxG408GEg;
AgADFb4xGyTikEg;
AgADfbExG7DsfFA;
AgADFc0xG7tbcEs;
AgADfccxGzRZoUg;
AgADfcgxG60I2Uo;
AgADFcoxG1n0MEk;
AgADFcoxG2HumUg;
AgADFd4xGw-rYEk;
AgADFK0xG0_h9VM;
AgADfM4xG8PtyEo;
AgADFM8xG3GPsUs;
AgADFM8xG_X5-Es;
AgADfMQxG056AAFJ;
AgADFroxG0ie8Uo;
AgADfssxG9RaoUo;
AgADfsYxG9Ee6Uk;
AgADg60xG-0qfFM;
AgADG7sxGyfp4Eo;
AgADG80xGwq98Es;
AgADG9AxG8UAAdlL;
AgADG9AxGw2J2Ek;
AgADg9ExG9v9QUo;
AgADg9ExGzBlsEo;
AgADGc4xG-3DaUo;
AgADGc4xG-pSCUk;
AgADgc8xG6LjIUg;
AgADgc8xGxnN0Eo;
AgADgcQxG6ZA0Es;
AgADGdAxG0t8cEs;
AgADgM0xG3laGEo;
AgADGM4xG-pSCUk;
AgADgM8xG6LjIUg;
AgADGMsxG04kyEo;
AgADGMsxG97aEEg;
AgADGNAxG0t8cEs;
AgADGs0xG_J2EUg;
AgADGs4xG-pSCUk;
AgADGs8xG2dM6Eo;
AgADgs8xG6O-uEg;
AgADGssxG04kyEo;
AgADGtAxG8UAAdlL;
AgADgtExG9v9QUo;
AgADH80xG_J2EUg;
AgADH8kxG5xl6Ek;
AgADH8sxGyQ34Us;
AgADH9UxGxXs-Uo;
AgADhbAxG0_rfFM;
AgADHc0xGw42qEs;
AgADhc8xG6O-uEg;
AgADHccxG4YjiUk;
AgADHcsxG36YeEs;
AgADHM0xGw42qEs;
AgADHMsxG04kyEo;
AgADhNExG9v9QUo;
AgADHs8xG2dM6Eo;
AgADHscxG4YjiUk;
AgADHscxGzZT8Es;
AgADhskxG0s4QUk;
AgADhsQxG-mGmUk;
AgADHssxGyQ34Us;
AgADHtAxGw2J2Ek;
AgADhtQxG_iPeEg;
AgADHtUxGxXs-Uo;
AgADI84xG-snyEs;
AgADi88xG-3n4Ug;
AgADI8gxG3nHwUs;
AgADi8oxG8yyqUs;
AgADI8sxGzbQ2Es;
AgADI9AxGw2J2Ek;
AgADi9IxGwwVqEg;
AgADI9MxG5scqUs;
AgADI9QxG8XKqEs;
AgADIc0xG0_T6Uo;
AgADIc4xG44gsEo;
AgADIc4xGxqJEUo;
AgADic8xG-3n4Ug;
AgADIcoxG-28sUo;
AgADIcsxG36YeEs;
AgADicYxGyLAIUk;
AgADIM0xG0_T6Uo;
AgADIM8xG2dM6Eo;
AgADIMkxG44ZuUs;
AgADIMsxG36YeEs;
AgADINIxGw0yiEk;
AgADirAxG4AmJFA;
AgADIs0xG0_T6Uo;
AgADIs4xG44gsEo;
AgADIs4xGzMJEEs;
AgADis8xG-3n4Ug;
AgADIs8xG4D96Es;
AgADIssxGzbQ2Es;
AgADisYxGyLAIUk;
AgADItAxGzzBuEs;
AgADitIxGwwVqEg;
AgADJ70xGzYWwEs;
AgADJ9ExGz3T4Eo;
AgADj9IxG-qVAAFL;
AgADj9QxG66D6Ug;
AgADjc0xG08NGEg;
AgADjc8xG0-RuUs;
AgADJckxG2gyKEo;
AgADJckxG44ZuUs;
AgADJcoxG-28sUo;
AgADJcoxG7Dd6Es;
AgADjcoxG9bzmUo;
AgADjdExG7jgyUg;
AgADJdExGz3T4Eo;
AgADjdIxG-qVAAFL;
AgADJdIxG-YvCUg;
AgADjdQxG66D6Ug;
AgADjNAxG0cEcEo;
AgADjNExG1bwkEs;
AgADJtAxG_99-Uk;
AgADjtIxG-qVAAFL;
AgADjtQxG66D6Ug;
AgADK80xG1F4UEs;
AgADK80xG7z10Es;
AgADk80xG94IuUs;
AgADK84xGwyaMUg;
AgADK88xG1fFUEg;
AgADK8kxG-eYyEo;
AgADk8kxG6EqaUg;
AgADk9ExG3ZYcEg;
AgADK9UxG1s_UUg;
AgADkc8xG0R7eUg;
AgADkc8xG4w42Es;
AgADKcUxG7xwMEs;
AgADkcYxGyLAIUk;
AgADkdExG3ZYcEg;
AgADKM0xG4oyQEs;
AgADKM4xGwyaMUg;
AgADKM8xG-N2UUo;
AgADkM8xGwptWEo;
AgADkMgxG13PCUo;
AgADKMkxGw-X6Eg;
AgADkNAxG4m08Es;
AgADKNExG3WYsEs;
AgADKNExGz3T4Eo;
AgADKs0xG1F4UEs;
AgADKs4xGwyaMUg;
AgADks8xGwptWEo;
AgADKtExG3WYsEs;
AgADktExG3ZYcEg;
AgADL80xG1F4UEs;
AgADL80xGx-0GUs;
AgADL84xG0vAyEs;
AgADl8IxG-H8KEg;
AgADL9AxG4MEEUg;
AgADl9MxG8FGYUg;
AgADl9YxG1xgQEg;
AgADLBwyGx8e6Es;
AgADLcgxG61QwEo;
AgADlcgxG_wKcUo;
AgADlcsxG6-s-Eo;
AgADLcUxG7xwMEs;
AgADlcYxG86CkUk;
AgADLdcxG7tdaUg;
AgADldYxG_2FkUs;
AgADlLExG8ToVVA;
AgADlM0xG94IuUs;
AgADLM8xG03feEg;
AgADlM8xGwptWEo;
AgADlMUxG3gtyEo;
AgADLMUxG7xwMEs;
AgADLMUxGyFoiEk;
AgADLMwxG-C7AUg;
AgADLMwxG_HKcEg;
AgADlNYxG4MOwUo;
AgADLRwyGx8e6Es;
AgADls0xG8z2EEs;
AgADLs4xG0vAyEs;
AgADLs8xG9cQoUg;
AgADLsgxG61QwEo;
AgADlsIxG-H8KEg;
AgADlssxG6-s-Eo;
AgADLsYxG-ilIEk;
AgADLtUxG1va-Uk;
AgADm7ExGxEs1VM;
AgADM88xG1l5mUg;
AgADM8cxG3vneUk;
AgADm8gxGzq7oUg;
AgADM8oxG2dTMEo;
AgADM8sxG92GuEs;
AgADm8sxG9EFOUs;
AgADM8wxG4VD4Eo;
AgADM8wxGw8awEg;
AgADM9ExG2E0wEg;
AgADM9ExG2rlgUo;
AgADM9QxGy7jWEs;
AgADmckxG8aO2Uk;
AgADmcoxG2WqyEs;
AgADmcUxG1eMYUg;
AgADmdgxG8oo0Es;
AgADMdIxG7S70Ek;
AgADMdQxGy7jWEs;
AgADMM0xGx-0GUs;
AgADMM4xG0vAyEs;
AgADMNAxG9tdkUg;
AgADMNIxG7S70Ek;
AgADMrcxG9lh8VY;
AgADms0xGy20eEs;
AgADMs4xG1l2KUo;
AgADmskxG5H0uEk;
AgADmskxG8aO2Uk;
AgADmsoxG2WqyEs;
AgADmssxG9EFOUs;
AgADMssxGzAxoUg;
AgADMswxG4VD4Eo;
AgADmtgxG8oo0Es;
AgADMtIxG7S70Ek;
AgADMtQxGy7jWEs;
AgADmvkxG1nn8Us;
AgADN80xG5OtkEs;
AgADn8cxG3TQqEs;
AgADn8kxG_A2kEo;
AgADN8sxG0aYyUs;
AgADn8wxG6bluEg;
AgADN9AxGzv7GUg;
AgADn9IxGzKWSUg;
AgADnc0xG5HumEg;
AgADNc0xG5OtkEs;
AgADnc0xG8z2EEs;
AgADnccxG3TQqEs;
AgADnccxG6rNUUo;
AgADnckxG4osoUg;
AgADNcQxGzuUgEg;
AgADncwxG3Ea-Es;
AgADncwxG6bluEg;
AgADndAxG1YN-Eg;
AgADndAxG5aIWUg;
AgADndAxG67f4Us;
AgADNdExG2rlgUo;
AgADndMxG9y6MUs;
AgADNLcxG9lh8VY;
AgADnM0xGy20eEs;
AgADNM4xG1RhUEg;
AgADnMcxG6rNUUo;
AgADnMsxG9EFOUs;
AgADNMwxG-C7AUg;
AgADnMwxG3Ea-Es;
AgADnNIxGzKWSUg;
AgADNs0xGx7b4Eo;
AgADnskxG4osoUg;
AgADNssxG0aYyUs;
AgADNswxG2IGMEs;
AgADnswxG6bluEg;
AgADntIxGzKWSUg;
AgADO80xG6gEkUo;
AgADO88xG5fPaEg;
AgADO8ExG3-w8Ek;
AgADo8kxG2BPaUs;
AgADO8wxGxRJSEg;
AgADo9AxG3dqaUo;
AgADo9AxG8nuYUs;
AgADO9QxG2O2MEg;
AgADObwxG_3zIEk;
AgADoc4xG1jqwUk;
AgADOcExG9MicEg;
AgADocgxG_WfGEs;
AgADOckxGxQ5qEg;
AgADOcoxGyPrkEg;
AgADOdAxG2TykUg;
AgADodAxG8nuYUs;
AgADOdAxGzAHkUg;
AgADOdMxG5IIWEg;
AgADodMxG9y6MUs;
AgADoMcxG3TQqEs;
AgADoMgxG_WfGEs;
AgADoMkxG8b1kEo;
AgADoMkxG_A2kEo;
AgADONExGx7GwUg;
AgADONMxG5IIWEg;
AgADor8xGzeakFA;
AgADOs0xG5NR-Es;
AgADos0xG7JdSUo;
AgADOs8xG5fPaEg;
AgADosgxG_WfGEs;
AgADOswxGxRJSEg;
AgADp78xG8V8AUk;
AgADp84xG1Az4Ug;
AgADp84xG4NBSUs;
AgADp8oxG4udgEk;
AgADp9AxG1YN-Eg;
AgADP9AxG2MWSEo;
AgADpbcxGz4IAAFL;
AgADPbExG0-2DVM;
AgADPc0xG3M1WEs;
AgADPc8xGwVPMEs;
AgADpcwxGxe6yUg;
AgADpdAxG8nuYUs;
AgADPdExG0Wi2Es;
AgADPM0xG5NR-Es;
AgADpM4xGwjYiEg;
AgADpMcxG0svIEk;
AgADpMoxG-9KqEo;
AgADPMQxGzb56Ek;
AgADPMsxG48ZuUo;
AgADpMsxGxJ38Uk;
AgADPMsxGzHnGEg;
AgADpMwxGxe6yUg;
AgADPMwxGxRJSEg;
AgADpNExG4gcKUs;
AgADpq0xG3SzhVM;
AgADps4xG1Az4Ug;
AgADpsExGzUYYUk;
AgADpskxG-CbcUs;
AgADpssxG_Z6gUo;
AgADPssxG__k2Eo;
AgADpswxGxe6yUg;
AgADpsYxG7fukUg;
AgADptUxG7CLaEg;
AgADq8kxG61I-Uk;
AgADq8oxG1ueEEo;
AgADq8oxG4SAsEk;
AgADQ8UxG-DckUo;
AgADq8wxG-c7IEs;
AgADQ8wxG1KhgUo;
AgADq8YxGweOcEo;
AgADq9AxG79QuEg;
AgADQ9ExG9qtQUg;
AgADQ9MxG-xJuEs;
AgADQc0xG0YLqEo;
AgADQc4xGxbOIUg;
AgADqccxG9Nn0Us;
AgADqcwxGysuQEs;
AgADqdAxG79QuEg;
AgADQdQxG0fkuUg;
AgADqM4xG4NBSUs;
AgADqNAxG1YN-Eg;
AgADqNAxG79E4Uo;
AgADQNMxG-xJuEs;
AgADqNQxG_fjUEs;
AgADQs8xGz13wEs;
AgADQssxG8M_mEs;
AgADQsUxG-DckUo;
AgADqswxG-c7IEs;
AgADqswxG_UzgEs;
AgADR80xGzaF8Us;
AgADr88xG9RhSEg;
AgADR88xGzt9qUs;
AgADr8YxG3398Eg;
AgADr8YxGweOcEo;
AgADr9MxG6XEqUo;
AgADR9QxG_1SaEg;
AgADR9UxGyAUEUs;
AgADrb8xGz53qUs;
AgADRc0xG-TLiEk;
AgADRc0xG1-MmEg;
AgADRccxG0RzKEs;
AgADrckxG61I-Uk;
AgADRcwxG4a9wUo;
AgADrcwxG_UzgEs;
AgADRM4xGz8AAchL;
AgADrMkxG61I-Uk;
AgADrMMxG5Kr2Eo;
AgADrNAxG79QuEg;
AgADrNMxG7_0sEg;
AgADRs0xG1-MmEg;
AgADrs4xGwuMwEg;
AgADRsoxG2dTMEo;
AgADrsoxG2ykAUk;
AgADrswxG6ez6Us;
AgADrsYxGweOcEo;
AgADrtIxG2U0yEs;
AgADRtUxGyAUEUs;
AgADs78xGz53qUs;
AgADs80xG1j48Es;
AgADs84xG05_MEk;
AgADs8oxG1C3cEk;
AgADS8YxG1yquUo;
AgADS90xGyMSWUg;
AgADS9UxG-cBsUs;
AgADSb0xG3ckeEo;
AgADsc0xG1j48Es;
AgADsc8xG9RhSEg;
AgADScQxGzuUgEg;
AgADsdAxG2vbOEg;
AgADSdcxG7-G4Es;
AgADsLAxGx3rRVM;
AgADsM8xG9RhSEg;
AgADsM8xGxJM2Ug;
AgADSM8xGzt9qUs;
AgADSMwxG2ND4Ug;
AgADss4xG99MmUg;
AgADss4xG9_qUUk;
AgADStQxG9r6uUg;
AgADStUxG-cBsUs;
AgADt60xGw2AnVI;
AgADT70xG3ckeEo;
AgADt84xG-qXaUg;
AgADT84xG80AAehK;
AgADT84xGyNnkUs;
AgADt8cxGzxeuEs;
AgADT8gxG7BvkUo;
AgADT8sxG4NQaUk;
AgADt8sxGxc_GEg;
AgADt9ExG4e3kUg;
AgADTc0xG2OIyEg;
AgADtc8xG_pzyEo;
AgADtckxG3UAAclL;
AgADtcoxG859uEg;
AgADtdExG4e3kUg;
AgADtdUxGwoYQUg;
AgADtL8xGz53qUs;
AgADTM4xG_u9KEg;
AgADTMkxG1wREUg;
AgADtMkxG4QRqUg;
AgADts4xG-qXaUg;
AgADTs4xG80AAehK;
AgADtskxG3UAAclL;
AgADtsoxG859uEg;
AgADTssxG4NQaUk;
AgADTsYxG1yquUo;
AgADttQxG3cKsUg;
AgADU80xGwABmvhL;
AgADU88xGwqjCUk;
AgADU8sxG9FosUs;
AgADu8wxG3WMAAFI;
AgADU8wxGzTB0Us;
AgADu9gxG-yLSUg;
AgADU9MxG0apGUg;
AgADUc0xG9mB-Ek;
AgADUc4xGwABS5BI;
AgADucgxG9xpMUk;
AgADucgxG_JFOEk;
AgADucwxGxLiwEs;
AgADudExG_8YkUs;
AgADuLcxGy0sCUg;
AgADuLExG0RybVI;
AgADUM4xG80AAehK;
AgADUM4xGyNnkUs;
AgADUM8xG6zf8Us;
AgADUM8xGzt9qUs;
AgADUMgxG1NhsEk;
AgADuMgxG_JFOEk;
AgADUMsxG4NQaUk;
AgADuMsxG6wmuEo;
AgADUNIxG73zyEg;
AgADUs0xGwABmvhL;
AgADus4xG6O-uEg;
AgADUs4xGwABS5BI;
AgADus8xG7zlCEk;
AgADUs8xGwqjCUk;
AgADusgxG_JFOEk;
AgADuskxG7jwEEg;
AgADussxG6tYMUk;
AgADutExG4e3kUg;
AgADutMxGxLewUg;
AgADV70xGyEQYVM;
AgADV80xG2OIyEg;
AgADV84xG8ly2Us;
AgADV84xGwji0Us;
AgADv8kxG7C3CEk;
AgADv8sxGxjv6Ug;
AgADv8wxGzEieUs;
AgADV9ExGzBIwUg;
AgADV9IxG6VB-Es;
AgADV9MxG73QuUg;
AgADVc4xG1FTUEs;
AgADvc4xG1XP2Ug;
AgADvckxG3j8AUs;
AgADvcsxGxjv6Ug;
AgADVdMxG0apGUg;
AgADVdYxG0QDoUs;
AgADVM0xGwABmvhL;
AgADVM8xG3gSSUs;
AgADvM8xG7zlCEk;
AgADVM8xGwqjCUk;
AgADVMExGx6aGEo;
AgADvMsxGxjv6Ug;
AgADvMUxG9z5eEo;
AgADVMwxGzTB0Us;
AgADVs0xG2OIyEg;
AgADVs4xG8ly2Us;
AgADVsExGx6aGEo;
AgADVsgxG16kKEo;
AgADvskxG3j8AUs;
AgADVsoxGwmg-Eg;
AgADVssxG4gcMUs;
AgADVssxG52EEUo;
AgADvswxGzEieUs;
AgADVtIxG6VB-Es;
AgADVtQxG2Kq4Eg;
AgADw8sxGz-TmEg;
AgADw9AxG6Y0iEg;
AgADw9ExG1uzkUs;
AgADW9IxGzKy8Uo;
AgADWb0xGyEQYVM;
AgADwcsxGz-TmEg;
AgADwcwxGx4RgEs;
AgADWcwxGyd48Eo;
AgADwdAxG38KuEg;
AgADWdIxG73zyEg;
AgADWdIxGzKy8Uo;
AgADWL0xGyEQYVM;
AgADWM0xGyb52Us;
AgADWM4xG6DlAUs;
AgADWM4xG8ly2Us;
AgADWM4xGwji0Us;
AgADWM4xGyUUAAFJ;
AgADwMwxG5bEAUs;
AgADwMwxGx4RgEs;
AgADwMwxGzEieUs;
AgADwNAxG38KuEg;
AgADWNIxG6VB-Es;
AgADwrkxG39t8Eg;
AgADwskxG5hNUUg;
AgADwssxGz-TmEg;
AgADwswxGx4RgEs;
AgADwtAxG5D9qUs;
AgADwtAxG6Y0iEg;
AgADwtExG1uzkUs;
AgADWtIxGzKy8Uo;
AgADx84xG38XCEs;
AgADx8gxG6zj0Ug;
AgADX8sxG6r94Es;
AgADX9QxG0kx4Ug;
AgADXboxG221aEs;
AgADxc4xG01q4Ek;
AgADXcoxGx29SEo;
AgADXcsxG1sj2Eg;
AgADXcwxG-CVWUg;
AgADXdgxG4u3EUk;
AgADXLwxG5fcCFA;
AgADXM4xG7a28Es;
AgADxMkxGypQKEs;
AgADXMsxG1sj2Eg;
AgADxMsxG2cloEo;
AgADXMwxG6B9cUk;
AgADxNExG1uzkUs;
AgADXNgxG4u3EUk;
AgADXs4xG7a28Es;
AgADxsgxG4qJ-Ek;
AgADXsoxGx29SEo;
AgADXssxG1sj2Eg;
AgADXtIxG73zyEg;
AgADxtIxGx5DiUg;
AgADxtMxG4oh6Eg;
AgADXtQxG0kx4Ug;
AgADy8kxG0vKGUg;
AgADy8MxG2xs2Eg;
AgADY8wxG04hMEk;
AgADy9ExG1md2Eo;
AgADY9ExG7LAoEg;
AgADyc4xG3t3KUs;
AgADyc4xGz8moUo;
AgADYc8xGxroUEg;
AgADyccxG0qXcUk;
AgADYccxGziJoEs;
AgADycgxG5FLIEo;
AgADycsxGyHd6Us;
AgADYLExGxn27VI;
AgADYM4xG05_MEk;
AgADyM4xG38XCEs;
AgADYMcxGziJoEs;
AgADYMIxGxBBgEg;
AgADyNAxG6Y0iEg;
AgADYNQxG0kx4Ug;
AgADyNUxG39_0Us;
AgADYs0xG7DgQUg;
AgADys4xGxrzCEo;
AgADys8xG9sCwEg;
AgADysMxG2xs2Eg;
AgADytIxGxd4YUs;
AgADyvMxGwnD8Ug;
AgADZ68xG8e-3VE;
AgADZ80xG0s78Uo;
AgADz80xGz5DGUg;
AgADz84xGxyqSEg;
AgADZ88xGxroUEg;
AgADZ8cxG0SNiUs;
AgADz8oxG6SAiEo;
AgADz9AxG21NkUs;
AgADZ9ExGzOzQUg;
AgADZ9MxGyl_IEg;
AgADZc4xG1mH0Uk;
AgADzc4xGxyqSEg;
AgADzc4xGzoh0Uo;
AgADzcgxG3NfEUo;
AgADzdExG1md2Eo;
AgADZM4xG1hAEEg;
AgADZM4xG1mH0Uk;
AgADZM4xG95u2Us;
AgADzMMxG2xs2Eg;
AgADzNAxGwE0mUg;
AgADZNExG7LAoEg;
AgADZs0xG0s78Uo;
AgADzs0xGz5DGUg;
AgADZs4xG-lfuEs;
AgADZs4xG1mH0Uk;
AgADzs4xGxyqSEg;
AgADZs8xGxroUEg;
AgADzsgxG3NfEUo;
AgADztAxG21NkUs;
AgADztcxG_A9qUg;
AgADZtMxGyl_IEg;
AgAD_8wxGzYTyEo;
AgAD_9ExGyipsEs;
AgAD_9kxG7y32Eg;
AgAD_c0xG94OCEk;
AgAD_coxGzydUUo;
AgAD_M0xG94OCEk;
AgAD_s4xG-RQGEg;
AgAD_swxGzYTyEo;
AgAD_tExGyipsEs;
AgAE0jEbKKmwSw;
AgAE2jEbvLfYSA;
AgAEyzEb2-YZSA;
